cluster_k98,color,n_images,n_pixels,saturation_mean,saturation_std,value_mean,value_std
0,black,338,825058,0.12276,0.05256,0.11292,0.0468
0,blue,336,3131641,0.39157,0.13611,0.63517,0.3021
0,brown,360,3611832,0.48452,0.14286,0.33663,0.13609
0,cyan,254,348900,0.34979,0.14036,0.46105,0.28079
0,gray,354,2076499,0.11913,0.05432,0.53166,0.2061
0,green,294,3729390,0.46101,0.14094,0.30111,0.14419
0,magenta,305,83691,0.30163,0.0907,0.22955,0.23277
0,orange,336,2325664,0.47426,0.14539,0.74247,0.12305
0,pink,323,456568,0.35479,0.10282,0.36957,0.3346
0,purple,310,114918,0.27765,0.09008,0.24346,0.21805
0,red,344,1783363,0.4625,0.17648,0.41892,0.24034
0,white,339,1259282,0.08808,0.05904,0.93683,0.04284
0,yellow,325,2273034,0.46358,0.14667,0.42798,0.19944
1,black,1292,14486227,0.00969,0.03669,0.01052,0.0364
1,blue,1282,3703449,0.54035,0.25588,0.31535,0.24162
1,brown,1413,7735010,0.51371,0.17584,0.39803,0.12027
1,cyan,1190,971056,0.51512,0.24713,0.31932,0.19481
1,gray,1409,9020575,0.10708,0.05595,0.61832,0.1861
1,green,1258,1695282,0.46434,0.19271,0.33863,0.1898
1,magenta,1173,269529,0.48096,0.27606,0.16795,0.16602
1,orange,1346,12271225,0.45365,0.1853,0.72803,0.10905
1,pink,1276,849428,0.60849,0.26853,0.42059,0.23969
1,purple,1180,415898,0.45333,0.25122,0.23275,0.23818
1,red,1382,7959874,0.59897,0.21003,0.48927,0.21111
1,white,819,6131544,0.06471,0.06015,0.93367,0.04603
1,yellow,1345,2646039,0.43875,0.19274,0.58476,0.22269
2,black,832,3976095,0.14555,0.04803,0.13247,0.03977
2,blue,832,10362507,0.35532,0.15216,0.4523,0.30824
2,brown,809,2896727,0.4122,0.16629,0.32868,0.13953
2,cyan,713,777019,0.34617,0.14357,0.51205,0.3014
2,gray,865,13232099,0.09903,0.05421,0.56742,0.18883
2,green,676,1357317,0.38106,0.15691,0.2726,0.16827
2,magenta,687,277520,0.32477,0.15395,0.26126,0.21529
2,orange,759,2154526,0.37192,0.13,0.73406,0.11838
2,pink,734,495199,0.34346,0.13983,0.3062,0.19789
2,purple,766,685972,0.32758,0.1205,0.2808,0.1929
2,red,796,2189222,0.42497,0.17314,0.42072,0.21073
2,white,857,5098501,0.05908,0.05603,0.94275,0.05056
2,yellow,747,1287824,0.37442,0.15547,0.42485,0.2432
3,black,194,28452,0.11598,0.05481,0.14587,0.04651
3,blue,207,2907389,0.68355,0.13605,0.47576,0.22414
3,brown,203,1171545,0.40212,0.09597,0.44448,0.07221
3,cyan,222,2187637,0.71772,0.11732,0.68613,0.12594
3,gray,239,560495,0.14555,0.04098,0.45096,0.13768
3,green,239,376705,0.26982,0.05819,0.42137,0.11817
3,magenta,174,6273,0.55425,0.23553,0.09589,0.07364
3,orange,177,416606,0.45541,0.09431,0.63033,0.06526
3,pink,165,6273,0.5245,0.19219,0.08612,0.07752
3,purple,180,312733,0.74172,0.17911,0.18972,0.07532
3,red,168,18568,0.46493,0.14209,0.13199,0.09182
3,white,141,9390,0.10467,0.04531,0.90778,0.04283
3,yellow,233,762350,0.31159,0.07999,0.4237,0.11194
4,black,282,113712,0.12096,0.05226,0.14673,0.03809
4,blue,310,1255623,0.53917,0.18638,0.51208,0.17588
4,brown,345,1133746,0.48659,0.1824,0.40063,0.10705
4,cyan,249,583820,0.45623,0.18975,0.56861,0.18506
4,gray,351,4735466,0.09831,0.05455,0.62357,0.15918
4,green,278,438100,0.41452,0.20669,0.48871,0.24729
4,magenta,156,30965,0.32739,0.06961,0.48416,0.14167
4,orange,349,2291358,0.34958,0.15573,0.78098,0.11292
4,pink,224,61998,0.46662,0.18507,0.54977,0.18919
4,purple,176,61112,0.41705,0.09963,0.42838,0.14141
4,red,314,1734154,0.70787,0.19104,0.58924,0.16199
4,white,336,2950940,0.11187,0.05756,0.93423,0.04244
4,yellow,332,1854702,0.35379,0.15481,0.70958,0.18949
5,black,522,207192,0.11629,0.05274,0.13897,0.04212
5,blue,651,5826532,0.66714,0.26136,0.49813,0.17375
5,brown,692,2038079,0.4768,0.20709,0.36706,0.13408
5,cyan,588,1276665,0.64556,0.27736,0.49955,0.17606
5,gray,711,7506024,0.11825,0.04857,0.60371,0.1553
5,green,628,1794343,0.57428,0.26949,0.46951,0.16949
5,magenta,573,131080,0.43532,0.19152,0.32179,0.15978
5,orange,701,4400442,0.48822,0.2635,0.7567,0.13361
5,pink,627,321802,0.56355,0.28035,0.51953,0.27332
5,purple,594,415473,0.43674,0.18991,0.36278,0.15914
5,red,689,3015250,0.69439,0.2583,0.63404,0.22828
5,white,593,2501627,0.08555,0.05242,0.93714,0.04813
5,yellow,673,3640691,0.60078,0.27292,0.71803,0.19572
6,black,329,1542945,0.13845,0.05123,0.12041,0.04581
6,blue,342,5479731,0.38966,0.14506,0.59684,0.29312
6,brown,337,1680081,0.45095,0.16413,0.29059,0.15118
6,cyan,282,710110,0.43361,0.20505,0.74294,0.29299
6,gray,365,3311725,0.10707,0.05545,0.56867,0.1983
6,green,297,2025617,0.43136,0.15241,0.29257,0.16132
6,magenta,273,161654,0.30115,0.1022,0.26213,0.20645
6,orange,315,603064,0.41969,0.15626,0.72268,0.12307
6,pink,281,291996,0.32787,0.10379,0.31958,0.21444
6,purple,304,323676,0.29373,0.08463,0.30871,0.2444
6,red,315,1110592,0.4328,0.16402,0.32377,0.22581
6,white,351,1796181,0.06749,0.05903,0.94489,0.04785
6,yellow,320,1410628,0.43267,0.14897,0.4085,0.21686
7,black,545,1318242,0.08306,0.07099,0.08305,0.05851
7,blue,526,3651767,0.51812,0.22237,0.40814,0.2407
7,brown,654,1755857,0.49952,0.19892,0.33683,0.15413
7,cyan,452,926913,0.4846,0.17546,0.38237,0.256
7,gray,684,8904757,0.07643,0.05536,0.63668,0.16709
7,green,452,789895,0.47648,0.19785,0.28879,0.2149
7,magenta,460,210750,0.50195,0.19412,0.40692,0.29485
7,orange,627,3438802,0.44762,0.20767,0.7707,0.12009
7,pink,563,738278,0.6223,0.22961,0.56909,0.27169
7,purple,455,262064,0.41549,0.17132,0.22633,0.17726
7,red,656,5477741,0.70138,0.21444,0.59082,0.24042
7,white,608,5404017,0.04021,0.05015,0.93902,0.05045
7,yellow,547,775445,0.44928,0.20828,0.56135,0.31243
8,black,190,43962,0.12207,0.0513,0.1373,0.04323
8,blue,194,444623,0.34026,0.17564,0.60323,0.27012
8,brown,193,5115285,0.59662,0.13278,0.22123,0.07052
8,cyan,166,8534,0.33918,0.11696,0.47804,0.23089
8,gray,194,2108018,0.09019,0.05322,0.62609,0.15685
8,green,101,21446,0.33952,0.09197,0.46378,0.13053
8,magenta,178,4204,0.30142,0.09167,0.15399,0.08528
8,orange,185,207922,0.34919,0.13143,0.68352,0.08581
8,pink,186,14018,0.32043,0.10251,0.25841,0.20224
8,purple,183,7211,0.31348,0.10501,0.16409,0.1161
8,red,193,542800,0.5531,0.18771,0.41163,0.27813
8,white,193,1321103,0.05903,0.06366,0.93897,0.0505
8,yellow,182,115946,0.36478,0.10442,0.566,0.13424
9,black,715,2181191,0.12542,0.06082,0.11722,0.05059
9,blue,681,3364347,0.42252,0.21123,0.30822,0.23788
9,brown,703,7894302,0.52937,0.19644,0.3267,0.1376
9,cyan,603,455877,0.43844,0.21275,0.34931,0.24433
9,gray,736,8124953,0.10022,0.05589,0.54708,0.18433
9,green,619,1409936,0.37047,0.15799,0.23052,0.18241
9,magenta,605,196702,0.35947,0.16213,0.23746,0.18319
9,orange,685,4151382,0.459,0.18885,0.72831,0.12545
9,pink,662,543987,0.40486,0.18132,0.30029,0.25028
9,purple,623,319755,0.34852,0.15771,0.28621,0.23994
9,red,705,4242737,0.55128,0.22281,0.32566,0.22213
9,white,717,2572149,0.05625,0.0564,0.94663,0.05018
9,yellow,667,1243610,0.39227,0.17823,0.49088,0.28052
10,black,693,793386,0.09998,0.05314,0.1334,0.03685
10,blue,758,7646333,0.46799,0.13967,0.63802,0.17654
10,brown,762,1464525,0.47592,0.162,0.3952,0.11611
10,cyan,600,607545,0.3794,0.10133,0.61329,0.19103
10,gray,765,10309445,0.05727,0.05736,0.70794,0.14586
10,green,597,1176513,0.46668,0.16065,0.47829,0.1539
10,magenta,412,155210,0.47706,0.21293,0.48954,0.19213
10,orange,761,3420024,0.58136,0.20555,0.74877,0.1088
10,pink,555,734621,0.52815,0.17169,0.64553,0.15255
10,purple,459,151409,0.35463,0.13798,0.41381,0.18325
10,red,683,1664304,0.59692,0.1962,0.578,0.20214
10,white,635,3006036,0.03843,0.04057,0.89911,0.04684
10,yellow,745,2155513,0.58213,0.22804,0.70126,0.17086
11,black,254,368085,0.08404,0.07661,0.08188,0.06714
11,blue,217,1356477,0.60104,0.24303,0.29539,0.18415
11,brown,286,482499,0.47865,0.16695,0.3347,0.14804
11,cyan,100,43296,0.35363,0.12476,0.24986,0.11928
11,gray,286,1563155,0.06613,0.06997,0.50557,0.15693
11,green,103,64025,0.29448,0.12863,0.318,0.16501
11,magenta,238,303295,0.38272,0.14728,0.11239,0.06371
11,orange,281,3704402,0.37277,0.10502,0.81915,0.09615
11,pink,251,266065,0.40577,0.15869,0.1181,0.07862
11,purple,232,397793,0.48688,0.16036,0.1457,0.09782
11,red,277,546782,0.46581,0.2434,0.23039,0.17706
11,white,266,455822,0.07968,0.06507,0.95447,0.04073
11,yellow,161,181424,0.48993,0.24444,0.77751,0.22673
12,black,293,655939,0.12387,0.05486,0.1264,0.04976
12,blue,307,3839532,0.37743,0.1258,0.61503,0.28707
12,brown,337,3257227,0.47664,0.15527,0.35294,0.13018
12,cyan,199,384039,0.30142,0.11638,0.48084,0.31328
12,gray,337,3019721,0.12151,0.05231,0.5158,0.21337
12,green,238,1570912,0.39008,0.13753,0.30765,0.14904
12,magenta,288,254645,0.28676,0.08212,0.39282,0.25615
12,orange,322,1551792,0.4424,0.13779,0.69512,0.10664
12,pink,310,521111,0.32441,0.10157,0.44056,0.28472
12,purple,286,319226,0.27347,0.07393,0.34836,0.2453
12,red,331,2353122,0.45599,0.17021,0.38647,0.19702
12,white,334,1934174,0.09042,0.0573,0.93205,0.04318
12,yellow,269,1305472,0.41539,0.11901,0.40979,0.17758
13,black,324,750602,0.10288,0.06661,0.10267,0.05941
13,blue,323,2010258,0.44705,0.18742,0.47598,0.27828
13,brown,373,3641904,0.4567,0.17392,0.34044,0.13473
13,cyan,272,355261,0.373,0.14056,0.5067,0.27243
13,gray,373,3774940,0.12628,0.04896,0.53417,0.17683
13,green,294,706769,0.35334,0.13615,0.33198,0.21351
13,magenta,322,247717,0.38098,0.17493,0.19033,0.1509
13,orange,371,2612345,0.38785,0.15102,0.72083,0.11719
13,pink,351,501827,0.38398,0.15856,0.23852,0.21242
13,purple,308,341185,0.37564,0.17894,0.23126,0.16948
13,red,374,3235627,0.49034,0.18867,0.35478,0.23247
13,white,370,811867,0.08838,0.05591,0.92985,0.04516
13,yellow,343,602658,0.37539,0.1685,0.46483,0.23304
14,black,817,438055,0.09222,0.07419,0.09568,0.06891
14,blue,857,1391492,0.47276,0.21437,0.64451,0.27582
14,brown,989,4234470,0.53235,0.16137,0.32235,0.13211
14,cyan,947,9342912,0.41879,0.15838,0.87019,0.18068
14,gray,993,4484207,0.12327,0.0509,0.60267,0.18038
14,green,979,8137413,0.45276,0.16163,0.45419,0.20579
14,magenta,499,39008,0.41032,0.22766,0.25286,0.24975
14,orange,984,3887741,0.47196,0.18701,0.79335,0.13183
14,pink,667,145672,0.51326,0.22412,0.47951,0.33282
14,purple,494,39244,0.36234,0.18297,0.31479,0.20882
14,red,923,1285111,0.60427,0.20717,0.4331,0.30818
14,white,984,5325534,0.10651,0.05643,0.96419,0.04466
14,yellow,985,6181493,0.46327,0.17714,0.58399,0.2634
15,black,1271,3258037,0.07809,0.07217,0.08728,0.06991
15,blue,1266,9482049,0.42079,0.19891,0.41953,0.27047
15,brown,1352,7812559,0.4478,0.18528,0.36099,0.12398
15,cyan,1093,2971445,0.45615,0.19591,0.56714,0.25899
15,gray,1374,14113553,0.10449,0.05681,0.5522,0.18131
15,green,1069,3264726,0.38809,0.16989,0.39098,0.19525
15,magenta,926,410775,0.47297,0.17798,0.72405,0.34701
15,orange,1203,6443121,0.43429,0.17947,0.73414,0.12347
15,pink,1022,505294,0.52132,0.23698,0.59691,0.34655
15,purple,1058,335714,0.41034,0.22077,0.26259,0.17839
15,red,1273,4708322,0.61191,0.26313,0.53366,0.24767
15,white,1137,9832035,0.03684,0.05186,0.96822,0.04578
15,yellow,1221,4156578,0.54049,0.22758,0.62303,0.26508
16,black,425,92322,0.10279,0.06631,0.11353,0.06674
16,blue,445,2104363,0.49725,0.24933,0.56163,0.25352
16,brown,440,884722,0.44482,0.19254,0.38458,0.11736
16,cyan,371,25507,0.30876,0.15279,0.41962,0.24282
16,gray,446,4202166,0.10465,0.05088,0.63738,0.15305
16,green,427,114536,0.3366,0.14904,0.41692,0.20583
16,magenta,423,49337,0.4028,0.22162,0.1908,0.15047
16,orange,444,1150771,0.36184,0.14473,0.72423,0.10155
16,pink,425,110165,0.36009,0.18078,0.22777,0.17591
16,purple,437,134514,0.42364,0.22827,0.24734,0.17747
16,red,443,263264,0.44716,0.23178,0.29318,0.18318
16,white,446,3664193,0.06746,0.04829,0.93943,0.04182
16,yellow,445,1254956,0.45421,0.21968,0.7036,0.2004
17,black,341,687871,0.11039,0.06269,0.11155,0.05967
17,blue,336,3158887,0.4167,0.1624,0.59892,0.27368
17,brown,367,2263788,0.43234,0.16013,0.34247,0.14112
17,cyan,268,553148,0.38352,0.17705,0.49471,0.31629
17,gray,366,3945956,0.11018,0.05396,0.55108,0.1929
17,green,283,796341,0.39698,0.17245,0.30774,0.20371
17,magenta,300,249646,0.32189,0.12946,0.25728,0.24356
17,orange,366,1628942,0.4134,0.15039,0.72131,0.11584
17,pink,333,526707,0.36298,0.13734,0.31234,0.26738
17,purple,306,345882,0.31053,0.11704,0.24052,0.19288
17,red,362,2658892,0.47462,0.18696,0.40477,0.23297
17,white,366,1729498,0.08504,0.056,0.92889,0.044
17,yellow,324,620906,0.38207,0.15993,0.484,0.25969
18,black,454,1041349,0.12237,0.05515,0.12127,0.04768
18,blue,462,6265075,0.42475,0.17135,0.50914,0.25118
18,brown,482,2007711,0.4407,0.18462,0.3122,0.14332
18,cyan,406,1138540,0.39148,0.18722,0.61717,0.30368
18,gray,486,5564317,0.10993,0.05268,0.55349,0.1906
18,green,409,799826,0.40185,0.17424,0.32238,0.19792
18,magenta,378,154223,0.3086,0.12165,0.22513,0.21221
18,orange,471,1198664,0.43904,0.18627,0.73171,0.11853
18,pink,427,372268,0.35506,0.13304,0.34114,0.26385
18,purple,386,332823,0.32001,0.12988,0.2341,0.21345
18,red,473,1593864,0.49475,0.19536,0.37941,0.2194
18,white,475,2175849,0.08235,0.05987,0.93622,0.04705
18,yellow,446,762083,0.41006,0.17705,0.51808,0.28923
19,black,400,877090,0.0912,0.07297,0.09133,0.0651
19,blue,366,1890294,0.42719,0.20135,0.45953,0.28653
19,brown,430,2691485,0.49667,0.18869,0.33632,0.14555
19,cyan,311,229869,0.41634,0.19397,0.40576,0.29028
19,gray,430,4285874,0.09473,0.05888,0.57663,0.18651
19,green,329,407767,0.34567,0.12669,0.36633,0.23614
19,magenta,335,110442,0.37158,0.14569,0.14719,0.09748
19,orange,423,5113958,0.41709,0.1497,0.77088,0.10986
19,pink,383,236613,0.44731,0.24495,0.21984,0.14969
19,purple,344,138161,0.39067,0.17065,0.17695,0.14099
19,red,420,1744495,0.58752,0.23742,0.41257,0.24556
19,white,401,2708178,0.04949,0.05425,0.946,0.0475
19,yellow,387,800718,0.3735,0.15208,0.58711,0.27642
20,black,525,853979,0.10964,0.05521,0.13089,0.04795
20,blue,530,5660464,0.42753,0.15364,0.71137,0.23497
20,brown,530,1959174,0.38088,0.15864,0.34606,0.13206
20,cyan,512,457425,0.42019,0.21154,0.57191,0.33014
20,gray,531,7813585,0.08686,0.05891,0.54153,0.17408
20,green,522,2185440,0.46074,0.16803,0.33255,0.16352
20,magenta,346,18241,0.37739,0.21278,0.22442,0.14271
20,orange,507,1249757,0.35157,0.13024,0.69955,0.10502
20,pink,423,56961,0.42129,0.22482,0.26026,0.15524
20,purple,389,51372,0.33325,0.15727,0.24359,0.18539
20,red,506,664111,0.47709,0.18335,0.43688,0.22704
20,white,520,2047946,0.0743,0.05989,0.93637,0.04635
20,yellow,525,1420841,0.41239,0.15981,0.41736,0.18777
21,black,376,94513,0.11257,0.05263,0.14309,0.0395
21,blue,349,1113450,0.56758,0.17678,0.45921,0.18107
21,brown,417,2065618,0.51914,0.18162,0.4026,0.10525
21,cyan,224,369491,0.35413,0.15037,0.62894,0.19342
21,gray,417,9470981,0.08154,0.05179,0.7031,0.12605
21,green,276,234320,0.43303,0.2063,0.37131,0.16263
21,magenta,269,13791,0.32434,0.13694,0.2766,0.17656
21,orange,417,3023470,0.45883,0.18635,0.74901,0.12043
21,pink,335,49428,0.41599,0.16769,0.41872,0.18808
21,purple,276,59946,0.36807,0.13853,0.24958,0.10925
21,red,401,1411623,0.66862,0.18056,0.48218,0.1621
21,white,412,2728806,0.10355,0.05681,0.9093,0.04702
21,yellow,416,2786259,0.35687,0.14958,0.77834,0.16551
22,black,634,422171,0.06063,0.06976,0.07634,0.07694
22,blue,698,1201762,0.5379,0.22641,0.64543,0.26847
22,brown,788,4313460,0.54536,0.17219,0.31306,0.13703
22,cyan,745,5570692,0.47171,0.17201,0.85705,0.20439
22,gray,790,2809125,0.12429,0.05028,0.57462,0.18346
22,green,777,8195063,0.50846,0.16343,0.39796,0.20604
22,magenta,381,137053,0.57017,0.21929,0.3391,0.20028
22,orange,782,2956044,0.46745,0.19254,0.76686,0.12615
22,pink,493,135079,0.45601,0.22017,0.36457,0.26899
22,purple,385,39523,0.39769,0.21146,0.21921,0.17647
22,red,710,1027152,0.56818,0.20707,0.37007,0.28083
22,white,775,3199651,0.09841,0.05804,0.96819,0.04236
22,yellow,778,5466377,0.48726,0.1709,0.50086,0.24565
23,black,253,208549,0.11054,0.06302,0.11021,0.05147
23,blue,259,1501056,0.48239,0.22581,0.54903,0.22312
23,brown,272,1200940,0.61507,0.22594,0.37084,0.12633
23,cyan,242,437051,0.45661,0.20661,0.53249,0.24278
23,gray,267,3368293,0.08988,0.05479,0.60313,0.16642
23,green,256,591214,0.43499,0.20024,0.42794,0.20581
23,magenta,219,27673,0.53296,0.23617,0.2365,0.20428
23,orange,269,1497519,0.49635,0.21993,0.76266,0.13039
23,pink,247,93132,0.54384,0.24228,0.44925,0.32083
23,purple,223,41155,0.50535,0.23095,0.28071,0.20916
23,red,268,1195553,0.67287,0.21486,0.56353,0.23389
23,white,242,1722230,0.05462,0.0551,0.9385,0.04778
23,yellow,265,1293747,0.53325,0.22621,0.66534,0.22989
24,black,3076,33591617,0.15338,0.04216,0.13576,0.03526
24,blue,3210,38570026,0.30958,0.16215,0.25224,0.22074
24,brown,2992,10638784,0.5709,0.22163,0.30067,0.15387
24,cyan,2417,2284745,0.49107,0.23185,0.58717,0.23399
24,gray,3483,52513006,0.0714,0.05365,0.63767,0.18901
24,green,2107,3787943,0.45023,0.20804,0.45636,0.23772
24,magenta,1996,631630,0.35378,0.13525,0.26809,0.16374
24,orange,2634,10376229,0.4748,0.22116,0.76671,0.13058
24,pink,2573,1542022,0.4423,0.18599,0.47451,0.26763
24,purple,2862,2345882,0.36679,0.12451,0.3245,0.20635
24,red,2992,9352088,0.60002,0.21771,0.5777,0.25853
24,white,3315,31893483,0.04215,0.05118,0.95526,0.0516
24,yellow,2771,9182081,0.47659,0.21626,0.62302,0.25131
25,black,504,553351,0.11534,0.058,0.12766,0.05255
25,blue,514,4768518,0.48655,0.19388,0.69064,0.24048
25,brown,517,4211607,0.47035,0.17318,0.34698,0.13169
25,cyan,461,550548,0.47173,0.24875,0.54126,0.31286
25,gray,526,4731512,0.11498,0.05193,0.55836,0.18341
25,green,497,1341745,0.45745,0.18447,0.27142,0.15992
25,magenta,408,43279,0.35359,0.1961,0.17262,0.12447
25,orange,515,2902348,0.37685,0.13931,0.72037,0.11359
25,pink,462,92457,0.35791,0.18424,0.28559,0.18131
25,purple,437,87539,0.41625,0.21426,0.15867,0.11862
25,red,514,654837,0.45251,0.20583,0.39329,0.22538
25,white,512,2098751,0.09466,0.05861,0.93872,0.04681
25,yellow,511,1213428,0.41867,0.16831,0.45444,0.24096
26,black,593,5140524,0.14382,0.051,0.12943,0.04075
26,blue,581,4147579,0.31055,0.16002,0.19545,0.14951
26,brown,587,5615786,0.54063,0.20031,0.32136,0.14492
26,cyan,432,294157,0.39721,0.17891,0.33913,0.20412
26,gray,615,6835247,0.08571,0.05858,0.55139,0.20833
26,green,380,463350,0.35509,0.15657,0.25871,0.19022
26,magenta,446,274289,0.43151,0.18009,0.20021,0.13328
26,orange,578,4329981,0.45852,0.17531,0.74305,0.12013
26,pink,542,468114,0.39543,0.16206,0.28409,0.19864
26,purple,518,329675,0.37552,0.14272,0.16639,0.11898
26,red,603,2502769,0.46281,0.18674,0.37367,0.22603
26,white,576,2995166,0.03117,0.05018,0.97449,0.04419
26,yellow,547,1268835,0.42995,0.17331,0.53382,0.26876
27,black,476,1434093,0.11809,0.05853,0.10547,0.05138
27,blue,474,3244750,0.39152,0.15579,0.47015,0.29528
27,brown,523,3991564,0.44597,0.1584,0.32201,0.14272
27,cyan,391,707408,0.3859,0.15075,0.39709,0.2521
27,gray,525,5489339,0.11837,0.05279,0.54932,0.18941
27,green,454,2630657,0.37897,0.14308,0.35985,0.17483
27,magenta,466,337040,0.35241,0.15366,0.24827,0.21348
27,orange,514,1870166,0.40147,0.14475,0.70332,0.1103
27,pink,485,743481,0.38339,0.15785,0.31834,0.24412
27,purple,463,438122,0.31779,0.124,0.19882,0.16305
27,red,513,3513417,0.46614,0.18825,0.35799,0.21781
27,white,518,1857531,0.08071,0.0559,0.92637,0.04273
27,yellow,484,2298464,0.40766,0.14258,0.45151,0.21885
28,black,475,1657369,0.09952,0.07284,0.07936,0.06352
28,blue,451,3443918,0.46354,0.18665,0.32399,0.2604
28,brown,480,4119391,0.51412,0.20268,0.27856,0.1571
28,cyan,385,506882,0.39826,0.18881,0.32156,0.26141
28,gray,480,3891249,0.10907,0.05377,0.54375,0.19102
28,green,397,2282397,0.40827,0.18907,0.24942,0.19492
28,magenta,419,326358,0.37139,0.17,0.1751,0.15497
28,orange,465,1835495,0.46738,0.19783,0.73496,0.12275
28,pink,449,729589,0.38405,0.17041,0.17988,0.18572
28,purple,408,556502,0.37325,0.17178,0.1774,0.15173
28,red,483,3944070,0.52622,0.2171,0.23586,0.21195
28,white,477,1525753,0.07316,0.05736,0.93177,0.04427
28,yellow,463,1109219,0.4458,0.19643,0.42385,0.28589
29,black,1141,9288026,0.14575,0.05108,0.13067,0.04198
29,blue,1220,13631968,0.36155,0.20025,0.30918,0.24497
29,brown,1164,4151265,0.52793,0.21527,0.30785,0.14975
29,cyan,999,2506519,0.49957,0.22528,0.46455,0.22127
29,gray,1342,15323117,0.08221,0.05689,0.61471,0.19569
29,green,909,2022039,0.43964,0.20732,0.45724,0.22804
29,magenta,829,407849,0.40705,0.17825,0.29375,0.20541
29,orange,1035,5545384,0.46015,0.18826,0.77612,0.11918
29,pink,1020,1003843,0.50908,0.23858,0.46049,0.29025
29,purple,1043,1216282,0.42195,0.17931,0.34326,0.20953
29,red,1163,5621128,0.57004,0.21095,0.57868,0.26066
29,white,1212,9307844,0.04823,0.05432,0.95221,0.05084
29,yellow,1077,3449040,0.47816,0.22768,0.63938,0.26896
30,black,487,520831,0.10957,0.05969,0.1154,0.05354
30,blue,495,2471610,0.39498,0.13978,0.7387,0.24819
30,brown,499,1513807,0.42966,0.15724,0.33564,0.14045
30,cyan,457,365784,0.31479,0.10399,0.5735,0.32513
30,gray,502,4877111,0.0866,0.06156,0.53995,0.16556
30,green,471,4833457,0.49947,0.17059,0.36688,0.17902
30,magenta,375,242166,0.3754,0.14683,0.35992,0.18198
30,orange,482,874185,0.39663,0.13378,0.71248,0.11471
30,pink,452,430208,0.42601,0.1542,0.40561,0.20407
30,purple,369,228328,0.34135,0.13643,0.46186,0.25387
30,red,499,2638951,0.53668,0.16466,0.38609,0.19991
30,white,502,2050700,0.06303,0.0597,0.95765,0.04675
30,yellow,483,1610654,0.43883,0.14662,0.45195,0.18256
31,black,437,765147,0.09912,0.06627,0.10742,0.0607
31,blue,426,1928230,0.44164,0.19592,0.52988,0.2813
31,brown,443,3661877,0.48909,0.20121,0.32264,0.14013
31,cyan,390,451326,0.50856,0.24679,0.40993,0.2413
31,gray,449,6271012,0.09191,0.05791,0.53645,0.16646
31,green,402,1136974,0.41845,0.18241,0.3215,0.20783
31,magenta,332,113051,0.47395,0.24213,0.19872,0.213
31,orange,428,2245727,0.43739,0.16516,0.72565,0.11711
31,pink,374,169367,0.39436,0.17383,0.29615,0.23426
31,purple,349,118297,0.46887,0.25483,0.22858,0.23046
31,red,436,2096423,0.51814,0.18097,0.45158,0.24297
31,white,420,1118299,0.06229,0.05852,0.94212,0.05003
31,yellow,428,696878,0.41059,0.19204,0.40753,0.22633
32,black,187,612824,0.07134,0.065,0.08154,0.0435
32,blue,170,330314,0.35487,0.15513,0.48994,0.26998
32,brown,244,1045652,0.39369,0.14933,0.38233,0.11353
32,cyan,205,380929,0.31986,0.12492,0.59838,0.21271
32,gray,248,3345705,0.12061,0.04815,0.60191,0.193
32,green,227,1017723,0.39788,0.16068,0.38346,0.19038
32,magenta,90,2175,0.40656,0.26337,0.13253,0.17426
32,orange,243,1283154,0.32981,0.12648,0.76648,0.12526
32,pink,96,18975,0.32519,0.12677,0.49758,0.29189
32,purple,120,7682,0.36153,0.19349,0.34573,0.21366
32,red,209,129411,0.42513,0.18652,0.41611,0.21923
32,white,225,1032323,0.11295,0.05424,0.92215,0.04417
32,yellow,237,1755053,0.37885,0.14767,0.55676,0.2006
33,black,911,2242135,0.14122,0.05881,0.12469,0.04966
33,blue,951,3075775,0.37495,0.21253,0.39799,0.32061
33,brown,1049,5307679,0.50501,0.16468,0.33118,0.13674
33,cyan,981,7422343,0.44231,0.18137,0.90695,0.15995
33,gray,1081,6230619,0.10963,0.05582,0.60369,0.1878
33,green,981,6445486,0.47574,0.16461,0.39421,0.20724
33,magenta,538,73711,0.41053,0.23222,0.19159,0.15509
33,orange,1037,5401588,0.43998,0.17701,0.77714,0.13125
33,pink,699,112955,0.42217,0.20607,0.31298,0.27439
33,purple,575,191561,0.36548,0.14265,0.3246,0.17727
33,red,995,1307163,0.59009,0.21891,0.39291,0.27751
33,white,1040,6438609,0.09765,0.06191,0.96625,0.04463
33,yellow,1025,6709480,0.43342,0.16024,0.59315,0.26827
34,black,237,457659,0.10911,0.07215,0.11059,0.0559
34,blue,209,1195080,0.45426,0.20956,0.31637,0.20444
34,brown,251,888610,0.51735,0.17154,0.34232,0.14665
34,cyan,140,74518,0.33081,0.13117,0.2917,0.21885
34,gray,248,1310734,0.08608,0.0719,0.50759,0.19524
34,green,145,80043,0.33943,0.17948,0.0987,0.08694
34,magenta,220,436591,0.32235,0.12164,0.14041,0.06952
34,orange,244,3064592,0.39439,0.12218,0.78643,0.11694
34,pink,239,332892,0.38949,0.15729,0.14338,0.08804
34,purple,212,472328,0.35099,0.12588,0.17454,0.10445
34,red,246,1004610,0.57774,0.26664,0.36677,0.27725
34,white,197,619640,0.05247,0.05703,0.94371,0.0451
34,yellow,208,71023,0.45089,0.20708,0.40575,0.34839
35,black,652,1016213,0.10466,0.06596,0.1137,0.06172
35,blue,708,4820475,0.52068,0.23622,0.49124,0.25018
35,brown,705,2064332,0.46487,0.18627,0.34074,0.13997
35,cyan,661,1346616,0.54992,0.25752,0.51507,0.27475
35,gray,742,6891959,0.10406,0.05369,0.59418,0.19106
35,green,642,2162805,0.44593,0.20282,0.39961,0.21463
35,magenta,590,248269,0.46667,0.19748,0.45495,0.26344
35,orange,714,3434405,0.47932,0.20314,0.77481,0.12762
35,pink,667,480039,0.47271,0.22349,0.47619,0.29321
35,purple,617,307671,0.4089,0.17834,0.31217,0.20526
35,red,727,3075524,0.57736,0.22789,0.58431,0.25124
35,white,722,4629659,0.06008,0.05291,0.94386,0.04734
35,yellow,693,2189973,0.51196,0.2289,0.63314,0.27621
36,black,823,2735004,0.12114,0.06663,0.11839,0.05766
36,blue,719,2547869,0.32472,0.16714,0.24036,0.20245
36,brown,963,7661073,0.42938,0.18071,0.34717,0.13575
36,cyan,672,732185,0.37598,0.19915,0.23669,0.16216
36,gray,1013,10982122,0.11691,0.0564,0.55454,0.19444
36,green,731,1896129,0.35517,0.16259,0.25148,0.15506
36,magenta,525,182614,0.38805,0.19224,0.28494,0.22122
36,orange,883,9092523,0.32501,0.113,0.74738,0.11643
36,pink,618,565398,0.40818,0.17209,0.34767,0.25509
36,purple,539,245564,0.36557,0.16569,0.27827,0.20847
36,red,758,2911736,0.49315,0.22229,0.35254,0.21829
36,white,900,5305161,0.07113,0.0656,0.94002,0.04841
36,yellow,862,3639006,0.33683,0.14423,0.53421,0.25678
37,black,178,537971,0.04366,0.06399,0.0456,0.06164
37,blue,190,598000,0.45035,0.2162,0.51905,0.21835
37,brown,198,1141617,0.50862,0.17917,0.38301,0.13899
37,cyan,177,717367,0.42321,0.19535,0.49116,0.18106
37,gray,200,2436086,0.122,0.04906,0.62722,0.16317
37,green,186,362668,0.31961,0.13644,0.37705,0.18232
37,magenta,114,12085,0.36533,0.23805,0.13527,0.10352
37,orange,199,2147430,0.37992,0.13541,0.73033,0.10662
37,pink,123,14594,0.42033,0.23781,0.16411,0.14458
37,purple,101,15970,0.3387,0.16432,0.18793,0.13985
37,red,183,417729,0.63036,0.24292,0.34616,0.20634
37,white,165,757207,0.11223,0.05127,0.90805,0.04449
37,yellow,195,474300,0.3159,0.1355,0.6181,0.26568
38,black,721,1088274,0.09788,0.06595,0.11089,0.05627
38,blue,727,1491537,0.41109,0.18305,0.40222,0.23526
38,brown,857,4839929,0.4173,0.16577,0.37815,0.12552
38,cyan,677,772397,0.4167,0.1661,0.43817,0.20262
38,gray,862,9316989,0.12405,0.05311,0.62083,0.18111
38,green,730,1309636,0.35899,0.14376,0.36163,0.21582
38,magenta,480,109866,0.31283,0.15591,0.18872,0.099
38,orange,858,9461565,0.35149,0.13934,0.76872,0.1205
38,pink,627,253982,0.40274,0.17822,0.35481,0.2303
38,purple,531,110908,0.37294,0.19869,0.19581,0.14105
38,red,832,2443573,0.51913,0.19723,0.52022,0.22994
38,white,699,5265931,0.1046,0.05791,0.92796,0.04507
38,yellow,837,2786613,0.34643,0.15479,0.63607,0.21125
39,black,583,2039915,0.11676,0.05716,0.11781,0.04863
39,blue,580,4374127,0.39038,0.15222,0.48489,0.30927
39,brown,612,5704591,0.42029,0.14307,0.34028,0.13519
39,cyan,487,432238,0.37572,0.18226,0.53175,0.33374
39,gray,615,7225924,0.1146,0.05336,0.50762,0.19748
39,green,523,2624679,0.44482,0.18594,0.33373,0.17383
39,magenta,514,316038,0.29194,0.10898,0.20167,0.16531
39,orange,594,2837503,0.40505,0.13614,0.69694,0.10541
39,pink,545,544344,0.3021,0.10689,0.29616,0.20857
39,purple,532,643248,0.30888,0.11359,0.22842,0.18511
39,red,587,3239344,0.39575,0.15329,0.36429,0.19813
39,white,601,2465407,0.0721,0.05257,0.91892,0.04339
39,yellow,568,2564738,0.41737,0.15075,0.41942,0.19562
40,black,290,755776,0.11939,0.05798,0.10938,0.05201
40,blue,289,1968831,0.43808,0.17534,0.46075,0.28428
40,brown,316,2398791,0.48888,0.17199,0.2722,0.15507
40,cyan,234,426674,0.37672,0.15255,0.33915,0.19461
40,gray,312,2761750,0.11804,0.05003,0.54083,0.18905
40,green,281,2242065,0.39905,0.14809,0.34179,0.1876
40,magenta,284,150276,0.33188,0.13981,0.21404,0.19043
40,orange,314,1173370,0.45876,0.18317,0.75765,0.12994
40,pink,300,487215,0.41711,0.16836,0.35731,0.24523
40,purple,276,226401,0.33652,0.15422,0.20099,0.1749
40,red,312,2964458,0.50665,0.18453,0.34302,0.24389
40,white,308,987117,0.07165,0.05423,0.93388,0.04297
40,yellow,303,1129724,0.41877,0.16336,0.42045,0.27297
41,black,357,1218502,0.10643,0.05888,0.11817,0.05077
41,blue,358,2962787,0.47488,0.23479,0.38812,0.27417
41,brown,358,1612196,0.43061,0.1845,0.30502,0.14109
41,cyan,342,372488,0.46114,0.23621,0.31447,0.23683
41,gray,359,4101644,0.10132,0.05283,0.5303,0.19438
41,green,344,757137,0.41358,0.16842,0.31953,0.21129
41,magenta,330,75116,0.40081,0.16238,0.1039,0.11366
41,orange,349,980060,0.45096,0.21114,0.73612,0.1222
41,pink,349,153211,0.44812,0.17892,0.18269,0.1954
41,purple,337,113414,0.38161,0.17492,0.10055,0.10155
41,red,358,1203133,0.59117,0.22835,0.44716,0.25474
41,white,356,1666607,0.06063,0.0542,0.94088,0.04847
41,yellow,354,736089,0.45992,0.2096,0.4726,0.26885
42,black,1027,930149,0.1042,0.06108,0.1237,0.05793
42,blue,897,19916980,0.77465,0.17563,0.37687,0.16719
42,brown,1052,7028860,0.42809,0.17452,0.31422,0.11873
42,cyan,949,266136,0.35153,0.16004,0.3787,0.21239
42,gray,1053,18282797,0.09403,0.05346,0.52003,0.16416
42,green,920,7168977,0.51084,0.15131,0.40547,0.10821
42,magenta,833,75260,0.35648,0.18363,0.16859,0.104
42,orange,976,2574036,0.33917,0.15718,0.69741,0.10617
42,pink,889,173223,0.366,0.16971,0.21304,0.12071
42,purple,885,205577,0.3889,0.17532,0.15198,0.12244
42,red,966,1494991,0.46293,0.22006,0.30105,0.17805
42,white,949,1953499,0.05386,0.05193,0.94044,0.05464
42,yellow,1023,3235499,0.31876,0.12173,0.42959,0.18434
43,black,433,1380962,0.11708,0.06097,0.09869,0.05356
43,blue,440,3822469,0.41476,0.16802,0.49364,0.28917
43,brown,464,3575864,0.43101,0.14022,0.28889,0.14656
43,cyan,373,573043,0.40994,0.18313,0.41837,0.25539
43,gray,467,4969989,0.10926,0.05363,0.55539,0.18417
43,green,414,1712179,0.40902,0.16823,0.28934,0.18054
43,magenta,428,264170,0.329,0.15568,0.22944,0.20258
43,orange,443,1301554,0.42123,0.16511,0.70829,0.10771
43,pink,439,576362,0.36496,0.15564,0.27788,0.23208
43,purple,425,531929,0.33552,0.15704,0.24537,0.19879
43,red,458,2894012,0.46762,0.19132,0.29355,0.21854
43,white,461,2351475,0.07072,0.05435,0.92991,0.04176
43,yellow,446,1298088,0.42471,0.15915,0.41004,0.23322
44,black,783,1461882,0.0746,0.07097,0.08197,0.06825
44,blue,760,4202912,0.43801,0.21424,0.42354,0.22776
44,brown,868,4968014,0.50379,0.21504,0.3602,0.13437
44,cyan,661,2352064,0.6502,0.25147,0.37418,0.22094
44,gray,879,11656812,0.0894,0.0572,0.58871,0.17621
44,green,714,2383173,0.43104,0.17721,0.34637,0.19919
44,magenta,564,95007,0.40368,0.22161,0.20154,0.19559
44,orange,840,4703580,0.46996,0.20453,0.73559,0.1227
44,pink,631,324033,0.50893,0.24536,0.40271,0.32365
44,purple,596,224885,0.41859,0.20706,0.19352,0.17079
44,red,805,3175305,0.63235,0.24691,0.4855,0.24938
44,white,837,6768018,0.04032,0.04947,0.94763,0.04939
44,yellow,816,1823579,0.40584,0.19109,0.52713,0.25519
45,black,167,3246975,0.00372,0.02288,0.00661,0.02019
45,blue,160,161697,0.61251,0.30923,0.15265,0.24545
45,brown,170,1329491,0.64205,0.15406,0.39313,0.12806
45,cyan,152,34777,0.56055,0.25779,0.07835,0.12692
45,gray,170,559167,0.08855,0.05773,0.62104,0.1767
45,green,154,242188,0.45509,0.21256,0.0969,0.14061
45,magenta,161,95514,0.6306,0.26556,0.10209,0.08713
45,orange,170,1533961,0.53152,0.13781,0.68369,0.09089
45,pink,165,66053,0.54454,0.27846,0.15404,0.15406
45,purple,161,73801,0.86181,0.20145,0.04669,0.06448
45,red,169,483996,0.66204,0.23303,0.35751,0.23967
45,white,166,199349,0.04832,0.04803,0.91312,0.04372
45,yellow,161,339367,0.44346,0.186,0.35062,0.3496
46,black,1098,2648835,0.10125,0.07112,0.09702,0.06459
46,blue,1077,6605043,0.48066,0.20723,0.31258,0.23977
46,brown,1138,5981779,0.50358,0.20091,0.31221,0.14406
46,cyan,992,2923585,0.43189,0.17825,0.28379,0.22932
46,gray,1173,12441614,0.10087,0.05429,0.5743,0.18155
46,green,1011,3634377,0.40051,0.17302,0.25293,0.18958
46,magenta,920,580167,0.42002,0.19411,0.2039,0.17177
46,orange,1095,5387990,0.44776,0.18043,0.75429,0.11988
46,pink,1016,1186205,0.45272,0.1959,0.31487,0.24132
46,purple,941,822320,0.39811,0.17357,0.19678,0.16066
46,red,1127,5318958,0.52698,0.2137,0.39868,0.24769
46,white,1165,5686621,0.06529,0.05348,0.93786,0.04723
46,yellow,1083,2088234,0.41832,0.19019,0.44109,0.29737
47,black,693,1571052,0.12762,0.05822,0.12249,0.05001
47,blue,673,6181999,0.37172,0.14454,0.56975,0.29136
47,brown,719,4101412,0.42788,0.1621,0.347,0.13162
47,cyan,601,1000525,0.3555,0.14651,0.58606,0.31718
47,gray,742,9666927,0.10832,0.05421,0.57196,0.18391
47,green,638,2821879,0.38919,0.14128,0.34095,0.17566
47,magenta,543,285768,0.32229,0.13049,0.31867,0.24305
47,orange,680,2323823,0.37991,0.12838,0.71702,0.11428
47,pink,588,551134,0.35417,0.14245,0.32629,0.23309
47,purple,574,464700,0.33488,0.12541,0.32378,0.25635
47,red,687,2276274,0.42167,0.17958,0.40053,0.2347
47,white,721,4242620,0.07106,0.05906,0.93336,0.04633
47,yellow,691,2060943,0.40164,0.1472,0.43891,0.20731
48,black,430,1001679,0.03502,0.06027,0.04268,0.06574
48,blue,431,3428535,0.40284,0.18416,0.59633,0.29479
48,brown,502,1512594,0.50814,0.20359,0.36626,0.1384
48,cyan,350,914752,0.48717,0.25089,0.65605,0.26982
48,gray,510,2830789,0.10292,0.05894,0.57143,0.17797
48,green,349,821584,0.38439,0.16211,0.36918,0.20233
48,magenta,361,164938,0.56558,0.29693,0.27354,0.1372
48,orange,464,2766133,0.50828,0.22643,0.78095,0.13277
48,pink,417,294270,0.54184,0.25925,0.53543,0.33724
48,purple,361,116527,0.38542,0.18537,0.27551,0.1898
48,red,482,2536089,0.62946,0.23918,0.56442,0.24669
48,white,437,2439725,0.04758,0.05968,0.958,0.04687
48,yellow,415,608417,0.43032,0.21736,0.58718,0.27408
49,black,602,1495233,0.10514,0.06209,0.11159,0.05753
49,blue,580,2609155,0.4498,0.20841,0.35862,0.24602
49,brown,586,6009235,0.47566,0.191,0.31178,0.13874
49,cyan,540,599612,0.46039,0.23043,0.34928,0.25861
49,gray,606,8037487,0.10453,0.05346,0.5209,0.18106
49,green,566,1331746,0.37625,0.17357,0.25397,0.18752
49,magenta,505,156143,0.38083,0.15801,0.14661,0.14945
49,orange,575,2849344,0.44596,0.18113,0.72553,0.12035
49,pink,540,355934,0.38936,0.16097,0.27818,0.27267
49,purple,524,295102,0.38971,0.16256,0.23296,0.21649
49,red,581,1931785,0.51267,0.21471,0.32173,0.2362
49,white,608,1812653,0.06021,0.05601,0.93701,0.04893
49,yellow,580,1293787,0.36965,0.1642,0.43833,0.2748
50,black,296,340185,0.1102,0.06122,0.12487,0.05186
50,blue,300,2252313,0.4066,0.14441,0.66801,0.25353
50,brown,303,1247887,0.44855,0.16812,0.32391,0.14085
50,cyan,246,394828,0.34589,0.12412,0.61734,0.32765
50,gray,309,2527978,0.11291,0.0549,0.54202,0.18479
50,green,285,1642355,0.48183,0.17103,0.30446,0.18016
50,magenta,261,309334,0.31993,0.123,0.38491,0.20322
50,orange,266,792330,0.39264,0.14027,0.737,0.12404
50,pink,280,437932,0.36421,0.15054,0.37379,0.20929
50,purple,264,482457,0.33575,0.11755,0.52516,0.26791
50,red,298,826604,0.40058,0.17098,0.42466,0.22437
50,white,299,1444543,0.07661,0.06115,0.95122,0.04698
50,yellow,291,880774,0.46017,0.16753,0.45003,0.23707
51,black,1588,4043395,0.04849,0.06691,0.05475,0.06665
51,blue,1660,7743741,0.54887,0.24667,0.34578,0.23811
51,brown,1755,5175446,0.50717,0.2049,0.35743,0.13941
51,cyan,1475,3327788,0.51379,0.22101,0.40523,0.2369
51,gray,1801,16094579,0.09477,0.05615,0.61055,0.18006
51,green,1496,2409575,0.46107,0.20164,0.34294,0.20421
51,magenta,1603,677059,0.449,0.21566,0.26208,0.18698
51,orange,1712,8495997,0.46887,0.21918,0.76137,0.1215
51,pink,1711,2500780,0.56159,0.23121,0.4265,0.24101
51,purple,1582,1029293,0.44556,0.20279,0.2514,0.18952
51,red,1781,15950008,0.66326,0.22105,0.55073,0.22329
51,white,1609,12340566,0.04618,0.0491,0.94837,0.04677
51,yellow,1596,2638653,0.44683,0.20758,0.57804,0.27145
52,black,144,484617,0.06343,0.07152,0.06093,0.06109
52,blue,142,773548,0.55664,0.24587,0.21812,0.21731
52,brown,144,1021808,0.49523,0.18581,0.29481,0.15182
52,cyan,135,169417,0.59195,0.25388,0.21806,0.23818
52,gray,144,1470992,0.09351,0.05333,0.56382,0.16508
52,green,139,150005,0.55129,0.28692,0.12092,0.1743
52,magenta,140,52069,0.45563,0.22696,0.22558,0.18249
52,orange,143,702497,0.45992,0.17305,0.79389,0.14938
52,pink,144,123359,0.42123,0.20877,0.36205,0.26151
52,purple,139,80487,0.40272,0.19374,0.26372,0.29631
52,red,144,782832,0.56715,0.2298,0.40318,0.25535
52,white,111,394858,0.05438,0.05762,0.94278,0.05295
52,yellow,141,166631,0.46322,0.19494,0.41659,0.36073
53,black,480,1563793,0.12384,0.05492,0.1063,0.04852
53,blue,469,8293577,0.40706,0.14297,0.52097,0.27574
53,brown,510,3255224,0.43249,0.15143,0.29303,0.15847
53,cyan,329,477502,0.36003,0.14778,0.50303,0.29911
53,gray,495,5018229,0.10952,0.05495,0.55622,0.20764
53,green,365,1050653,0.37533,0.13838,0.29433,0.16319
53,magenta,459,466171,0.30431,0.08332,0.28682,0.2264
53,orange,476,1854318,0.44208,0.15754,0.74702,0.129
53,pink,483,1029736,0.3483,0.10808,0.38137,0.28073
53,purple,466,716485,0.30586,0.09951,0.24018,0.20323
53,red,507,3353052,0.41225,0.15047,0.35239,0.26758
53,white,479,3001901,0.08429,0.05516,0.9227,0.04263
53,yellow,447,1181823,0.40551,0.13514,0.37522,0.21685
54,black,428,1257506,0.05528,0.06513,0.07728,0.07185
54,blue,440,1669096,0.5701,0.22486,0.53873,0.22887
54,brown,501,2284633,0.48795,0.22039,0.28724,0.15559
54,cyan,418,318216,0.37101,0.17207,0.56905,0.23596
54,gray,502,5135755,0.11281,0.04657,0.521,0.19482
54,green,481,593112,0.51042,0.24259,0.42463,0.26855
54,magenta,387,87331,0.58431,0.27584,0.25497,0.25027
54,orange,500,2486604,0.50841,0.19883,0.79211,0.12942
54,pink,458,391201,0.61418,0.24422,0.38714,0.31858
54,purple,386,100494,0.64829,0.24201,0.1868,0.1794
54,red,499,4465816,0.70987,0.22662,0.61269,0.32101
54,white,501,2519011,0.09013,0.05584,0.9577,0.04674
54,yellow,500,2391193,0.53962,0.20714,0.74806,0.29836
55,black,76,400768,0.01652,0.04578,0.0155,0.04208
55,blue,76,192438,0.6459,0.26038,0.22291,0.18674
55,brown,76,707151,0.62401,0.2163,0.35238,0.14302
55,cyan,76,17926,0.53921,0.28273,0.27545,0.246
55,gray,76,291501,0.11631,0.05189,0.56957,0.19498
55,green,76,71062,0.40216,0.15104,0.38391,0.20778
55,magenta,74,8001,0.52928,0.32187,0.21594,0.22826
55,orange,76,731704,0.51698,0.15774,0.70964,0.10369
55,pink,76,21532,0.4592,0.24981,0.35544,0.23735
55,purple,76,8643,0.3771,0.23057,0.33526,0.23639
55,red,76,656632,0.68048,0.18646,0.52311,0.20179
55,white,75,58508,0.10014,0.05941,0.90588,0.04334
55,yellow,76,155990,0.46829,0.18232,0.60135,0.30808
56,black,409,913101,0.07784,0.07572,0.08193,0.07054
56,blue,415,856902,0.4304,0.19439,0.32064,0.21634
56,brown,468,1707372,0.45005,0.19439,0.37751,0.13142
56,cyan,347,327916,0.39274,0.16176,0.37538,0.17698
56,gray,448,3198409,0.11975,0.05366,0.62369,0.20331
56,green,373,428963,0.3446,0.13326,0.26223,0.1499
56,magenta,365,96924,0.49265,0.23444,0.15896,0.15463
56,orange,463,9890431,0.38808,0.14706,0.82493,0.12394
56,pink,405,341202,0.62884,0.24391,0.28965,0.22189
56,purple,364,111788,0.42938,0.17834,0.19265,0.20517
56,red,454,1704498,0.634,0.21504,0.449,0.22395
56,white,319,2577535,0.1032,0.06919,0.93655,0.05072
56,yellow,444,1674207,0.33403,0.16163,0.58769,0.27593
57,black,956,1947007,0.08258,0.07101,0.09171,0.06883
57,blue,945,6475633,0.4633,0.23401,0.47608,0.22423
57,brown,1035,6864674,0.49319,0.19379,0.36465,0.12951
57,cyan,789,978413,0.52963,0.25927,0.40519,0.21526
57,gray,1040,13101493,0.0944,0.05619,0.57218,0.17351
57,green,749,1662949,0.43096,0.17134,0.30888,0.1756
57,magenta,648,152589,0.41936,0.20377,0.17161,0.10819
57,orange,991,6203826,0.47793,0.19245,0.73192,0.1198
57,pink,767,288794,0.59832,0.26399,0.4131,0.36579
57,purple,707,164817,0.43469,0.24078,0.27727,0.23524
57,red,995,5338756,0.73259,0.24816,0.51195,0.25312
57,white,834,7365616,0.0461,0.05126,0.95406,0.04815
57,yellow,881,1249097,0.40593,0.18188,0.5367,0.28403
58,black,343,757340,0.09803,0.06529,0.1044,0.0606
58,blue,345,2561156,0.48427,0.23219,0.41151,0.28284
58,brown,345,1387685,0.47464,0.21615,0.31267,0.14414
58,cyan,343,402960,0.48229,0.23743,0.37153,0.26231
58,gray,344,4412807,0.0888,0.05788,0.53481,0.17238
58,green,341,1566468,0.48966,0.18676,0.3257,0.20115
58,magenta,331,91115,0.42325,0.20745,0.29748,0.26285
58,orange,339,819064,0.46364,0.22164,0.73364,0.12399
58,pink,339,260604,0.49984,0.22572,0.445,0.27981
58,purple,337,172468,0.47049,0.2192,0.31589,0.25887
58,red,343,1253219,0.55774,0.25582,0.43878,0.25487
58,white,342,1089478,0.07018,0.05634,0.93358,0.04768
58,yellow,344,657572,0.47509,0.20354,0.47252,0.25822
59,black,370,563647,0.10999,0.06331,0.12042,0.05785
59,blue,408,1915134,0.51294,0.23752,0.49069,0.21573
59,brown,453,1864278,0.44444,0.18935,0.32893,0.14485
59,cyan,373,806445,0.52727,0.24656,0.52241,0.1892
59,gray,470,5028259,0.09533,0.05809,0.59928,0.18072
59,green,385,948337,0.42805,0.1891,0.49398,0.22241
59,magenta,283,39495,0.41839,0.18873,0.28335,0.21569
59,orange,451,4127894,0.41812,0.19571,0.78604,0.12108
59,pink,362,95196,0.51842,0.21847,0.34979,0.22238
59,purple,309,81068,0.43858,0.21305,0.28809,0.16833
59,red,447,1851122,0.63763,0.20715,0.63698,0.24685
59,white,443,2845370,0.09195,0.05161,0.94736,0.04492
59,yellow,439,1555355,0.46966,0.22608,0.69545,0.2574
60,black,155,342192,0.04925,0.0686,0.04872,0.064
60,blue,155,1602331,0.44841,0.19603,0.56274,0.2607
60,brown,155,780376,0.50554,0.19888,0.29016,0.16187
60,cyan,152,222296,0.51649,0.25292,0.3248,0.24353
60,gray,155,1545939,0.10143,0.05354,0.59879,0.17271
60,green,154,279815,0.51612,0.2539,0.23784,0.21145
60,magenta,151,34887,0.43468,0.21312,0.08765,0.08045
60,orange,155,590353,0.46717,0.19449,0.73796,0.12124
60,pink,151,65446,0.46298,0.17746,0.10987,0.112
60,purple,147,48061,0.41761,0.17662,0.10618,0.08976
60,red,154,500442,0.59688,0.22301,0.26881,0.22862
60,white,152,627653,0.06575,0.05659,0.92346,0.04524
60,yellow,154,237905,0.42638,0.21018,0.3946,0.25471
61,black,362,920279,0.03204,0.0594,0.03767,0.05742
61,blue,352,961674,0.40642,0.19994,0.39621,0.33353
61,brown,381,2598894,0.54501,0.20294,0.37047,0.13217
61,cyan,339,2718742,0.55605,0.23255,0.43725,0.21181
61,gray,381,2705164,0.10751,0.05801,0.58247,0.17925
61,green,349,1359508,0.46308,0.21428,0.34673,0.19894
61,magenta,301,131453,0.41499,0.19773,0.33276,0.16248
61,orange,344,2152745,0.45926,0.17735,0.7024,0.10588
61,pink,313,245499,0.47521,0.20174,0.25107,0.2023
61,purple,299,32143,0.53416,0.30603,0.15613,0.1632
61,red,368,1634650,0.68065,0.25102,0.42791,0.24409
61,white,367,3708860,0.02739,0.04677,0.98096,0.03939
61,yellow,366,868277,0.3927,0.16323,0.52133,0.23911
62,black,372,461978,0.0786,0.06598,0.10231,0.057
62,blue,359,2992885,0.65895,0.20101,0.4385,0.19625
62,brown,429,1513048,0.47738,0.16492,0.37309,0.12883
62,cyan,298,415915,0.64102,0.26128,0.51894,0.2037
62,gray,429,4044412,0.08553,0.05221,0.63824,0.17953
62,green,333,379058,0.55734,0.21862,0.40626,0.20258
62,magenta,229,13250,0.42359,0.19615,0.18612,0.15292
62,orange,426,2394931,0.42711,0.22404,0.77569,0.11511
62,pink,285,90789,0.53204,0.22098,0.47879,0.22981
62,purple,261,58782,0.41197,0.17933,0.18396,0.1509
62,red,384,1453847,0.7134,0.21227,0.57011,0.2244
62,white,398,2858966,0.05468,0.06203,0.94417,0.05186
62,yellow,410,1286683,0.42183,0.19681,0.71236,0.21587
63,black,167,341247,0.10468,0.06258,0.14229,0.04664
63,blue,194,1265792,0.53861,0.1991,0.58995,0.21029
63,brown,206,514234,0.43988,0.20161,0.32169,0.14378
63,cyan,176,142415,0.47227,0.24461,0.49121,0.19641
63,gray,221,2128221,0.10624,0.05027,0.51279,0.17934
63,green,170,426588,0.47934,0.20395,0.5278,0.2172
63,magenta,160,50172,0.36809,0.17441,0.36956,0.20689
63,orange,204,1107309,0.53594,0.22398,0.84399,0.12634
63,pink,201,214590,0.48791,0.182,0.55771,0.23235
63,purple,159,150325,0.39127,0.16299,0.36039,0.16136
63,red,219,2126505,0.63772,0.19584,0.70765,0.23058
63,white,212,1446194,0.05839,0.05457,0.96416,0.04026
63,yellow,189,641684,0.52208,0.2164,0.78116,0.24851
64,black,291,592299,0.13382,0.04888,0.11282,0.047
64,blue,259,1051020,0.39792,0.15658,0.54721,0.26446
64,brown,324,3108218,0.45987,0.14471,0.31238,0.14181
64,cyan,99,68381,0.38208,0.19146,0.45705,0.30252
64,gray,325,2177752,0.12237,0.05003,0.5571,0.19663
64,green,170,529643,0.37202,0.12655,0.29394,0.15169
64,magenta,293,289864,0.31015,0.09066,0.19821,0.14169
64,orange,323,1736890,0.43687,0.15016,0.73003,0.11734
64,pink,323,961459,0.35114,0.10836,0.26872,0.20482
64,purple,281,328141,0.30371,0.08764,0.27976,0.21201
64,red,330,8686798,0.51326,0.16258,0.3366,0.19779
64,white,314,908360,0.07955,0.05517,0.92543,0.04239
64,yellow,245,567255,0.38423,0.11936,0.39763,0.22494
65,black,257,327303,0.10614,0.05247,0.1319,0.03367
65,blue,317,1922971,0.5995,0.21112,0.47997,0.18403
65,brown,373,847857,0.50863,0.20281,0.41983,0.11354
65,cyan,237,177228,0.51682,0.20231,0.42713,0.17094
65,gray,403,4442319,0.09452,0.05433,0.6426,0.15659
65,green,250,375080,0.52537,0.23595,0.40109,0.15461
65,magenta,240,50848,0.43945,0.25048,0.39728,0.24668
65,orange,390,2526414,0.50217,0.24176,0.75773,0.12151
65,pink,299,156001,0.57561,0.19394,0.60618,0.24076
65,purple,245,102220,0.39133,0.17113,0.30366,0.15916
65,red,378,3029990,0.71645,0.17942,0.67266,0.18866
65,white,389,4497156,0.05261,0.04688,0.95195,0.04565
65,yellow,341,886693,0.57542,0.25414,0.77596,0.20487
66,black,333,559856,0.11553,0.06443,0.12503,0.0542
66,blue,420,4052521,0.50943,0.20122,0.55408,0.22959
66,brown,473,696894,0.40711,0.16627,0.37903,0.12446
66,cyan,347,784003,0.52592,0.23137,0.58828,0.20094
66,gray,528,3266993,0.10903,0.0518,0.57078,0.20511
66,green,358,907072,0.43154,0.17325,0.4991,0.21629
66,magenta,290,146152,0.41889,0.24099,0.58953,0.28186
66,orange,485,2980992,0.44866,0.2054,0.84487,0.12625
66,pink,378,357609,0.51942,0.21073,0.6892,0.25244
66,purple,309,271547,0.43137,0.15913,0.50569,0.23879
66,red,476,4082363,0.56365,0.18968,0.72291,0.19981
66,white,502,3475991,0.08429,0.06022,0.95247,0.04618
66,yellow,427,2319447,0.50037,0.22382,0.87852,0.18543
67,black,114,198253,0.09028,0.06811,0.10164,0.06491
67,blue,113,340284,0.48311,0.20885,0.4054,0.28787
67,brown,117,672774,0.52275,0.17624,0.30265,0.14471
67,cyan,101,145206,0.43405,0.19354,0.38802,0.27857
67,gray,117,849820,0.11112,0.05297,0.57595,0.1803
67,green,115,862689,0.49746,0.20452,0.35668,0.20926
67,magenta,110,105909,0.4458,0.20258,0.19925,0.18468
67,orange,118,271216,0.47422,0.19415,0.70722,0.1101
67,pink,117,227486,0.49115,0.20937,0.28655,0.21906
67,purple,110,104562,0.41932,0.1763,0.17056,0.15894
67,red,118,951588,0.5191,0.20043,0.36976,0.2247
67,white,114,296176,0.07478,0.04988,0.93032,0.04405
67,yellow,117,218965,0.45172,0.17931,0.44471,0.26606
68,black,211,361571,0.10823,0.05914,0.12014,0.055
68,blue,226,1784820,0.50086,0.22534,0.62356,0.26238
68,brown,226,1059892,0.43205,0.17903,0.32833,0.14052
68,cyan,219,1735761,0.63328,0.25796,0.68493,0.24124
68,gray,226,2768837,0.09305,0.06209,0.52353,0.16611
68,green,205,387350,0.48692,0.20845,0.24675,0.16495
68,magenta,211,68410,0.56685,0.2513,0.21298,0.10945
68,orange,226,724641,0.39427,0.1637,0.71324,0.11397
68,pink,218,107562,0.58584,0.25641,0.24908,0.13252
68,purple,213,100329,0.448,0.21747,0.26289,0.15224
68,red,226,381954,0.49632,0.21049,0.36,0.24118
68,white,224,617408,0.08213,0.06328,0.94253,0.0492
68,yellow,220,285593,0.37799,0.18706,0.41449,0.2595
69,black,1610,7114257,0.13786,0.05485,0.13178,0.04383
69,blue,1574,7480634,0.35431,0.19471,0.28866,0.21421
69,brown,1685,16653382,0.5369,0.20083,0.345,0.13023
69,cyan,1390,1239975,0.41636,0.19911,0.44375,0.24493
69,gray,1704,18571622,0.09829,0.05651,0.54088,0.20255
69,green,1369,2841605,0.3752,0.16301,0.33559,0.20435
69,magenta,1186,441329,0.35173,0.16386,0.27089,0.19542
69,orange,1657,12043514,0.51764,0.19761,0.73084,0.12062
69,pink,1470,1005942,0.39796,0.18248,0.36417,0.23406
69,purple,1305,702352,0.36144,0.16303,0.27409,0.18392
69,red,1676,10556278,0.54665,0.21691,0.46813,0.24106
69,white,1534,6457805,0.05098,0.05557,0.95145,0.05194
69,yellow,1605,4191785,0.43247,0.18453,0.55567,0.26139
70,black,146,475137,0.12921,0.04806,0.11664,0.04321
70,blue,130,617990,0.35805,0.11556,0.46053,0.25344
70,brown,151,2453492,0.48357,0.1386,0.30637,0.14274
70,cyan,75,52577,0.33635,0.16658,0.30693,0.2277
70,gray,152,1268605,0.12088,0.04853,0.52869,0.19082
70,green,101,578986,0.39034,0.11597,0.31808,0.16763
70,magenta,119,50090,0.36582,0.14827,0.32057,0.26405
70,orange,152,1317835,0.47205,0.16154,0.73475,0.12105
70,pink,141,138501,0.34227,0.1132,0.18134,0.16503
70,purple,124,47088,0.25791,0.07284,0.22462,0.13822
70,red,150,1596506,0.44397,0.16582,0.40365,0.25823
70,white,145,339725,0.10395,0.05868,0.92076,0.04152
70,yellow,134,581804,0.4388,0.12948,0.37432,0.22919
71,black,586,2727679,0.06626,0.07335,0.07563,0.06711
71,blue,520,2904629,0.52824,0.25488,0.39678,0.25239
71,brown,646,4236570,0.51049,0.18202,0.35336,0.13911
71,cyan,434,540286,0.57781,0.26591,0.4859,0.30643
71,gray,646,8657456,0.0741,0.06171,0.58545,0.18979
71,green,505,1259055,0.42927,0.22989,0.24998,0.20485
71,magenta,455,178149,0.28114,0.12082,0.31331,0.18887
71,orange,634,4663950,0.43747,0.16457,0.71734,0.10653
71,pink,492,460480,0.30046,0.12323,0.34517,0.1781
71,purple,464,106886,0.44969,0.22704,0.23604,0.21334
71,red,596,2281978,0.58081,0.26036,0.44736,0.26824
71,white,591,3470852,0.05567,0.04772,0.93375,0.04775
71,yellow,612,2155294,0.43709,0.19627,0.61649,0.28801
72,black,79,371001,0.01564,0.04365,0.03554,0.02496
72,blue,79,79980,0.70089,0.26214,0.40592,0.22991
72,brown,82,212159,0.52254,0.2067,0.31751,0.16799
72,cyan,78,84788,0.55598,0.22904,0.4025,0.21838
72,gray,82,401762,0.08689,0.05505,0.65908,0.14935
72,green,78,409895,0.54923,0.21039,0.38693,0.17619
72,magenta,53,11454,0.49716,0.20051,0.05563,0.03759
72,orange,82,373028,0.38686,0.18362,0.79188,0.12975
72,pink,81,36610,0.5177,0.20037,0.14359,0.18716
72,purple,53,9331,0.43256,0.17002,0.06262,0.0566
72,red,82,1384546,0.82477,0.21049,0.71374,0.23319
72,white,76,157425,0.1051,0.05498,0.91246,0.03747
72,yellow,82,110645,0.55676,0.24466,0.66309,0.26361
73,black,113,2223078,0.00664,0.02966,0.00789,0.02712
73,blue,112,735605,0.50863,0.2467,0.21083,0.24891
73,brown,113,422881,0.62991,0.20111,0.35708,0.16379
73,cyan,106,29025,0.64279,0.34198,0.07452,0.09501
73,gray,113,469543,0.08329,0.04833,0.55603,0.15845
73,green,101,81624,0.88612,0.23698,0.01253,0.0309
73,magenta,104,17944,0.8245,0.27502,0.00962,0.01513
73,orange,112,498006,0.62961,0.11281,0.68055,0.09103
73,pink,106,24474,0.5951,0.3254,0.03595,0.06893
73,purple,110,19880,0.76499,0.27952,0.02098,0.02634
73,red,111,298023,0.80015,0.2503,0.32064,0.25926
73,white,25,97619,0.12712,0.04797,0.93343,0.04058
73,yellow,110,43322,0.57019,0.28746,0.36573,0.37907
74,black,672,1161798,0.09994,0.06559,0.10793,0.05761
74,blue,643,2861954,0.44677,0.21827,0.4308,0.27581
74,brown,703,4868065,0.52302,0.20477,0.35447,0.13505
74,cyan,571,1329912,0.49534,0.24906,0.55283,0.26436
74,gray,712,8124172,0.09473,0.05739,0.58272,0.18123
74,green,595,1121002,0.38942,0.17494,0.30544,0.22063
74,magenta,555,198350,0.39916,0.20435,0.19255,0.13999
74,orange,701,4960270,0.472,0.20265,0.75097,0.12494
74,pink,607,346857,0.41912,0.20027,0.27498,0.19241
74,purple,548,267012,0.37779,0.19631,0.2368,0.17369
74,red,693,3339026,0.58187,0.22518,0.45374,0.2331
74,white,685,5659507,0.04708,0.05268,0.95064,0.04914
74,yellow,659,1340443,0.40081,0.17552,0.54832,0.26709
75,black,54,29782,0.02303,0.05306,0.02724,0.05697
75,blue,134,1065492,0.59431,0.12929,0.73696,0.12499
75,brown,135,278875,0.52655,0.15907,0.44422,0.09328
75,cyan,133,3407900,0.68912,0.06872,0.95601,0.07582
75,gray,135,499275,0.1124,0.05297,0.62568,0.1068
75,green,92,1391,0.37084,0.25664,0.30091,0.24701
75,magenta,21,761,0.61706,0.28748,0.05708,0.06116
75,orange,135,844066,0.38274,0.13353,0.70265,0.10155
75,pink,36,2493,0.46322,0.22324,0.10245,0.09261
75,purple,20,1185,0.62969,0.2758,0.06989,0.07851
75,red,131,32402,0.4964,0.2153,0.32662,0.17358
75,white,77,73196,0.10821,0.06523,0.94131,0.04105
75,yellow,127,117358,0.29662,0.08759,0.82853,0.13291
76,black,258,505291,0.11729,0.06088,0.10277,0.05416
76,blue,269,6043818,0.43205,0.15715,0.55166,0.25055
76,brown,298,1021371,0.50047,0.18544,0.2944,0.15416
76,cyan,161,316823,0.40775,0.18784,0.49838,0.24367
76,gray,315,3611295,0.11648,0.05336,0.61635,0.1801
76,green,151,265295,0.38173,0.16608,0.29183,0.19741
76,magenta,277,463719,0.31104,0.10686,0.4197,0.25471
76,orange,282,1092488,0.38715,0.13842,0.77712,0.12783
76,pink,302,965673,0.34661,0.13358,0.48653,0.26777
76,purple,272,628636,0.31001,0.10356,0.3805,0.26367
76,red,315,2759259,0.46359,0.17501,0.43006,0.25021
76,white,291,1778091,0.09218,0.05906,0.92381,0.04529
76,yellow,214,259985,0.35028,0.14999,0.48398,0.27541
77,black,663,1775988,0.11219,0.06984,0.10865,0.06012
77,blue,613,2937664,0.41022,0.2091,0.40675,0.27906
77,brown,728,3961872,0.5241,0.20721,0.32676,0.1487
77,cyan,524,750825,0.43667,0.19218,0.44713,0.23684
77,gray,738,9524095,0.08302,0.05637,0.65611,0.18087
77,green,588,1172895,0.44803,0.19293,0.32059,0.20974
77,magenta,533,241303,0.47591,0.25836,0.26295,0.21857
77,orange,702,4258259,0.48576,0.20549,0.73963,0.11978
77,pink,626,487086,0.47425,0.2265,0.32987,0.22592
77,purple,521,220876,0.3546,0.15062,0.24128,0.18543
77,red,711,3825762,0.59482,0.23272,0.46896,0.25893
77,white,680,6930153,0.04207,0.04803,0.94376,0.0519
77,yellow,672,1327110,0.47048,0.2123,0.5772,0.27515
78,black,382,931864,0.07204,0.07269,0.07479,0.0697
78,blue,382,2233353,0.50463,0.23095,0.41476,0.27557
78,brown,385,2634399,0.47723,0.20372,0.28496,0.14727
78,cyan,362,674721,0.46181,0.2294,0.38457,0.26677
78,gray,387,4699108,0.10146,0.0572,0.55232,0.17304
78,green,367,1102340,0.45691,0.20803,0.3491,0.22144
78,magenta,369,139792,0.43709,0.21431,0.32693,0.29246
78,orange,341,1528260,0.43446,0.19085,0.7396,0.11837
78,pink,378,315299,0.48262,0.22723,0.40135,0.28419
78,purple,367,198633,0.41528,0.20765,0.26924,0.23235
78,red,386,1481749,0.54989,0.2514,0.41349,0.26299
78,white,371,1131063,0.06682,0.05554,0.9264,0.04656
78,yellow,366,913931,0.46176,0.21624,0.43099,0.28569
79,black,203,222343,0.11232,0.06381,0.12633,0.06128
79,blue,225,1822063,0.41642,0.16509,0.54396,0.25589
79,brown,232,1027520,0.41403,0.14667,0.39861,0.11205
79,cyan,212,735245,0.45329,0.2107,0.35446,0.16793
79,gray,235,3457076,0.11221,0.05429,0.52011,0.167
79,green,225,1659469,0.3823,0.14446,0.34876,0.14723
79,magenta,164,59052,0.36682,0.19305,0.39589,0.24036
79,orange,229,1089194,0.3711,0.12588,0.70557,0.10471
79,pink,183,81726,0.37115,0.16067,0.34757,0.16926
79,purple,164,77040,0.35068,0.15766,0.46036,0.29275
79,red,227,517866,0.40734,0.18048,0.45558,0.18972
79,white,235,498198,0.08664,0.05909,0.93179,0.04679
79,yellow,228,904504,0.39331,0.12916,0.46176,0.16685
80,black,400,2286252,0.01881,0.04787,0.02241,0.05385
80,blue,409,1714968,0.54017,0.23564,0.41078,0.23033
80,brown,455,3319625,0.48703,0.1681,0.38753,0.12305
80,cyan,385,324602,0.47457,0.23706,0.38397,0.21242
80,gray,466,3280695,0.11767,0.05036,0.58842,0.18586
80,green,413,1125429,0.43313,0.19651,0.38799,0.20654
80,magenta,394,254876,0.45791,0.23142,0.30164,0.21761
80,orange,434,3505009,0.43661,0.16352,0.71494,0.10712
80,pink,437,743357,0.52993,0.24026,0.45311,0.2315
80,purple,394,330506,0.48454,0.22906,0.32075,0.20735
80,red,457,3585898,0.58234,0.21688,0.49019,0.2189
80,white,347,1625482,0.05677,0.05832,0.95391,0.04726
80,yellow,445,1640133,0.38887,0.15572,0.60458,0.20847
81,black,713,1849301,0.07619,0.06679,0.0787,0.05839
81,blue,744,6406995,0.60036,0.25806,0.41354,0.21658
81,brown,765,3020985,0.45734,0.20597,0.37952,0.13527
81,cyan,660,3301886,0.75946,0.23321,0.2507,0.15822
81,gray,772,11772672,0.08745,0.05612,0.60353,0.16914
81,green,676,1932684,0.46965,0.22728,0.28426,0.21835
81,magenta,499,97731,0.54199,0.29301,0.22214,0.15828
81,orange,747,4433276,0.42612,0.16408,0.73574,0.10759
81,pink,541,120126,0.45547,0.2436,0.28271,0.23906
81,purple,575,233814,0.44519,0.22061,0.23272,0.17786
81,red,711,1074280,0.62914,0.26308,0.42132,0.24238
81,white,742,5947276,0.05253,0.0525,0.93972,0.05016
81,yellow,728,1695694,0.34518,0.16245,0.54079,0.2763
82,black,236,145630,0.12763,0.04782,0.13205,0.04043
82,blue,236,1574794,0.41215,0.1898,0.60392,0.21077
82,brown,253,1022573,0.54845,0.23062,0.3868,0.11842
82,cyan,223,379801,0.35655,0.17204,0.6076,0.22508
82,gray,244,3127738,0.10062,0.05733,0.62609,0.13887
82,green,234,565603,0.50692,0.20031,0.46809,0.20923
82,magenta,203,42995,0.36234,0.1871,0.48672,0.31839
82,orange,252,1412548,0.53085,0.21058,0.75361,0.12852
82,pink,228,117499,0.54755,0.21544,0.5565,0.28874
82,purple,202,66909,0.34165,0.19092,0.37887,0.22378
82,red,250,1117718,0.68005,0.22086,0.59897,0.22341
82,white,222,1498317,0.06016,0.057,0.94506,0.04566
82,yellow,252,1067651,0.5523,0.23805,0.67279,0.21304
83,black,381,1917214,0.05513,0.0679,0.06726,0.05701
83,blue,366,1914428,0.53427,0.24265,0.25611,0.2424
83,brown,418,1873214,0.50966,0.20007,0.33395,0.15369
83,cyan,323,575352,0.52894,0.21984,0.35431,0.20136
83,gray,418,4249044,0.08462,0.05861,0.5992,0.18197
83,green,344,739248,0.40153,0.20831,0.23974,0.21195
83,magenta,354,444759,0.53331,0.15475,0.3786,0.2647
83,orange,392,2093719,0.43642,0.18799,0.74288,0.11957
83,pink,385,437371,0.59909,0.2069,0.32526,0.26063
83,purple,349,222507,0.48458,0.23179,0.19158,0.17968
83,red,418,3019721,0.68275,0.21288,0.47237,0.21849
83,white,379,2261554,0.06191,0.05339,0.93422,0.04519
83,yellow,391,806877,0.40497,0.18839,0.60127,0.29865
84,black,649,398095,0.09852,0.0743,0.09727,0.07063
84,blue,753,1317774,0.46821,0.19464,0.69257,0.25644
84,brown,822,3213611,0.50832,0.16082,0.33637,0.1341
84,cyan,809,7935833,0.45078,0.17099,0.89203,0.18059
84,gray,827,3659831,0.12063,0.05154,0.61201,0.1818
84,green,816,6466739,0.4607,0.16043,0.45145,0.20928
84,magenta,359,25529,0.41533,0.25028,0.20147,0.1929
84,orange,820,3259115,0.4556,0.17705,0.78098,0.13019
84,pink,535,50935,0.39235,0.20146,0.34031,0.27224
84,purple,372,36900,0.37046,0.17144,0.35647,0.21651
84,red,784,987487,0.56534,0.22687,0.52373,0.30189
84,white,812,5012321,0.10517,0.05502,0.96391,0.04447
84,yellow,819,5205366,0.43498,0.16014,0.59688,0.25799
85,black,354,1714708,0.12639,0.05187,0.10558,0.04432
85,blue,316,1632361,0.40663,0.16273,0.43471,0.30438
85,brown,363,3206018,0.4581,0.18597,0.23351,0.14697
85,cyan,257,299851,0.38665,0.20667,0.3358,0.25402
85,gray,355,2021746,0.12394,0.04965,0.46263,0.19426
85,green,335,4109550,0.46473,0.2031,0.28924,0.17585
85,magenta,337,573021,0.36928,0.1359,0.36661,0.26829
85,orange,343,1267275,0.50564,0.21844,0.76159,0.12329
85,pink,353,805601,0.40584,0.15132,0.34053,0.26138
85,purple,319,720998,0.3398,0.11341,0.33036,0.27593
85,red,360,3057989,0.48432,0.19876,0.2892,0.23836
85,white,329,469431,0.10609,0.05916,0.92312,0.04134
85,yellow,362,2262123,0.45935,0.17911,0.42342,0.26225
86,black,143,245612,0.11949,0.06183,0.1134,0.05521
86,blue,132,637939,0.37858,0.13332,0.49915,0.29571
86,brown,152,942839,0.49353,0.17,0.2501,0.15498
86,cyan,127,301996,0.38047,0.14349,0.40794,0.26954
86,gray,153,618679,0.12783,0.05003,0.43922,0.17124
86,green,144,2508489,0.50012,0.18059,0.33299,0.16097
86,magenta,129,74801,0.35959,0.15506,0.29919,0.23132
86,orange,128,172345,0.49546,0.17336,0.70319,0.11495
86,pink,135,132716,0.45957,0.22997,0.27823,0.21162
86,purple,130,109534,0.31338,0.12527,0.29828,0.18881
86,red,145,664990,0.50267,0.18419,0.26121,0.20105
86,white,144,148511,0.10369,0.06591,0.95653,0.04545
86,yellow,150,695565,0.51465,0.17514,0.40023,0.2328
87,black,220,885758,0.14041,0.05318,0.13179,0.04559
87,blue,211,1403167,0.32231,0.14001,0.39779,0.30903
87,brown,219,897983,0.42319,0.16732,0.32726,0.13953
87,cyan,191,372643,0.37579,0.14185,0.61439,0.34766
87,gray,230,2981830,0.08821,0.05864,0.54774,0.18271
87,green,213,1938571,0.45077,0.15571,0.4145,0.21912
87,magenta,146,26902,0.38013,0.18943,0.26891,0.21689
87,orange,201,481268,0.40571,0.14927,0.73089,0.12298
87,pink,181,77085,0.41288,0.1645,0.34249,0.22796
87,purple,175,58102,0.33383,0.13371,0.30919,0.19926
87,red,209,429227,0.47238,0.20235,0.4057,0.21825
87,white,224,1135740,0.05697,0.05894,0.95451,0.04882
87,yellow,219,856812,0.41985,0.15547,0.47113,0.2339
88,black,325,830154,0.09265,0.06551,0.09623,0.06001
88,blue,326,1293486,0.47566,0.22394,0.32827,0.25464
88,brown,326,2903654,0.48772,0.19263,0.3197,0.14329
88,cyan,318,279286,0.48163,0.22618,0.30847,0.27753
88,gray,326,3506658,0.09538,0.05532,0.56381,0.18495
88,green,321,381130,0.43516,0.1898,0.31584,0.22758
88,magenta,313,73594,0.40967,0.19344,0.18104,0.2052
88,orange,325,2094812,0.44029,0.17961,0.7362,0.11975
88,pink,322,137780,0.46861,0.21603,0.24895,0.22492
88,purple,317,104412,0.39294,0.19409,0.14183,0.15577
88,red,326,1106938,0.55136,0.23,0.39014,0.25481
88,white,323,1305927,0.06945,0.0539,0.93472,0.04838
88,yellow,325,411609,0.40987,0.19173,0.43527,0.27811
89,black,516,1084117,0.12319,0.06521,0.11558,0.0556
89,blue,463,2193358,0.38644,0.18152,0.41959,0.25968
89,brown,550,4445438,0.52149,0.18008,0.34937,0.13447
89,cyan,315,277344,0.43468,0.1743,0.40446,0.21482
89,gray,567,5257297,0.10738,0.05498,0.56324,0.18922
89,green,333,1198694,0.38489,0.16251,0.24869,0.17403
89,magenta,441,525840,0.31174,0.10702,0.28448,0.24424
89,orange,536,4393777,0.46352,0.17629,0.75313,0.12672
89,pink,518,1258987,0.36095,0.13556,0.34963,0.26391
89,purple,435,548571,0.31901,0.11404,0.35311,0.26744
89,red,561,7665666,0.48905,0.18805,0.43043,0.24776
89,white,555,4256241,0.05684,0.05937,0.95206,0.04616
89,yellow,395,627534,0.38365,0.16534,0.48669,0.25512
90,black,504,1656963,0.12839,0.0498,0.10913,0.04535
90,blue,518,6097542,0.4115,0.1443,0.65108,0.27486
90,brown,541,3961308,0.43673,0.16345,0.29897,0.14956
90,cyan,351,330259,0.34718,0.15615,0.54862,0.32622
90,gray,543,4905220,0.12408,0.04836,0.51607,0.18915
90,green,435,3828323,0.41217,0.13074,0.29045,0.14031
90,magenta,495,330391,0.29989,0.08932,0.19474,0.17416
90,orange,522,1757216,0.40985,0.15766,0.71464,0.11065
90,pink,514,776111,0.32865,0.10467,0.25313,0.18839
90,purple,491,540108,0.29129,0.08669,0.23675,0.20702
90,red,538,4690118,0.44953,0.15773,0.35514,0.20393
90,white,535,1946362,0.07992,0.05835,0.93083,0.04169
90,yellow,497,2366895,0.40649,0.12701,0.36077,0.1849
91,black,490,1018325,0.11691,0.06793,0.10086,0.05851
91,blue,470,2925729,0.42415,0.18268,0.3911,0.26243
91,brown,488,2944983,0.51847,0.19218,0.29703,0.1524
91,cyan,386,477520,0.3933,0.18017,0.32858,0.21945
91,gray,505,4713351,0.10198,0.05447,0.57835,0.17757
91,green,406,1175737,0.3747,0.16168,0.24191,0.20279
91,magenta,451,584864,0.35459,0.1256,0.20357,0.18255
91,orange,459,1719309,0.48988,0.19277,0.7259,0.11472
91,pink,469,1201831,0.40125,0.14349,0.26667,0.22875
91,purple,448,761778,0.34163,0.11468,0.2748,0.2293
91,red,488,4337149,0.52963,0.19029,0.31371,0.22707
91,white,499,1522820,0.06611,0.05733,0.93502,0.0485
91,yellow,437,847260,0.39886,0.17132,0.42579,0.29311
92,black,321,686611,0.05962,0.07103,0.07172,0.06569
92,blue,320,2003944,0.60213,0.2059,0.36564,0.22109
92,brown,384,3858013,0.53404,0.19439,0.39106,0.11583
92,cyan,263,90031,0.49292,0.20836,0.42531,0.30287
92,gray,380,3088696,0.10196,0.0603,0.55421,0.19538
92,green,289,355522,0.35991,0.15055,0.30313,0.18101
92,magenta,303,43476,0.39184,0.22314,0.15082,0.1575
92,orange,372,2195682,0.467,0.16495,0.69485,0.10582
92,pink,321,131089,0.36073,0.1758,0.31387,0.20173
92,purple,299,184458,0.62555,0.23147,0.17685,0.11191
92,red,354,2035857,0.45226,0.21797,0.48768,0.23092
92,white,368,4049169,0.03793,0.04738,0.94193,0.05591
92,yellow,365,1053452,0.38224,0.14964,0.50123,0.23742
93,black,450,2001287,0.15033,0.04426,0.13757,0.03559
93,blue,491,3570013,0.40456,0.23534,0.32654,0.23449
93,brown,536,2094753,0.49224,0.20113,0.37447,0.13584
93,cyan,377,445386,0.45648,0.25113,0.44052,0.20558
93,gray,576,6344515,0.09975,0.05567,0.60564,0.17693
93,green,380,772017,0.41369,0.18253,0.38144,0.16648
93,magenta,397,96121,0.44981,0.21127,0.21861,0.17558
93,orange,515,5265869,0.40432,0.18002,0.77839,0.13016
93,pink,470,201849,0.42764,0.19995,0.4186,0.2822
93,purple,435,240473,0.38169,0.1604,0.27957,0.18402
93,red,530,3256007,0.64921,0.25735,0.60284,0.23866
93,white,495,2867044,0.07276,0.065,0.95155,0.04976
93,yellow,482,2132346,0.48671,0.22287,0.69729,0.24259
94,black,683,3043100,0.04611,0.0686,0.05018,0.06315
94,blue,667,3841989,0.50177,0.24953,0.51501,0.28913
94,brown,733,5181477,0.53434,0.20113,0.34698,0.14068
94,cyan,606,1295788,0.62315,0.27326,0.51895,0.27615
94,gray,722,6706444,0.08844,0.06128,0.61267,0.19176
94,green,647,1730911,0.57737,0.28571,0.29112,0.19463
94,magenta,586,278499,0.61421,0.27819,0.13857,0.09424
94,orange,723,4226183,0.49013,0.1905,0.73762,0.12571
94,pink,651,623851,0.57823,0.22898,0.30439,0.2157
94,purple,604,316482,0.49809,0.24072,0.1879,0.17809
94,red,714,3342569,0.66317,0.24119,0.45524,0.26327
94,white,687,6108561,0.03473,0.04893,0.94545,0.05297
94,yellow,715,2147794,0.41646,0.16908,0.60395,0.277
95,black,168,605455,0.12895,0.05048,0.09925,0.04417
95,blue,169,3734584,0.42933,0.14159,0.57911,0.26135
95,brown,170,1875623,0.44842,0.12591,0.24745,0.13735
95,cyan,116,56919,0.30304,0.08404,0.22927,0.13368
95,gray,169,685753,0.13617,0.04449,0.45656,0.20486
95,green,144,1646827,0.40667,0.13296,0.22543,0.12423
95,magenta,152,94201,0.2733,0.05406,0.253,0.24978
95,orange,119,164040,0.44757,0.11048,0.72524,0.14006
95,pink,160,148084,0.29253,0.07748,0.17662,0.18486
95,purple,165,184594,0.27458,0.05915,0.2224,0.22734
95,red,166,632058,0.37613,0.14196,0.23121,0.17697
95,white,156,360611,0.09247,0.0634,0.93605,0.04153
95,yellow,154,785203,0.43374,0.12526,0.26822,0.13911
96,black,325,592393,0.08307,0.06753,0.09277,0.0629
96,blue,349,2288806,0.58125,0.24067,0.43884,0.24751
96,brown,371,1288388,0.47112,0.19818,0.35146,0.14327
96,cyan,267,1107588,0.70198,0.23595,0.58641,0.19859
96,gray,375,3609958,0.09952,0.06136,0.60661,0.17025
96,green,260,428444,0.44765,0.16724,0.41305,0.24655
96,magenta,272,57177,0.31422,0.13281,0.2426,0.13411
96,orange,365,4034191,0.41276,0.1453,0.76823,0.10176
96,pink,325,176980,0.48681,0.22195,0.44691,0.29044
96,purple,296,82172,0.37441,0.16607,0.24947,0.20824
96,red,361,1075321,0.61122,0.23496,0.58736,0.27751
96,white,351,2210091,0.07102,0.05961,0.93627,0.04525
96,yellow,328,836907,0.49574,0.23939,0.76013,0.25282
97,black,1822,12378564,0.15018,0.04385,0.13717,0.03451
97,blue,1879,12525681,0.31027,0.15482,0.27603,0.22735
97,brown,1934,14564584,0.52969,0.20459,0.35471,0.13093
97,cyan,1490,1884212,0.41383,0.19966,0.48278,0.21918
97,gray,1985,27662906,0.09351,0.05691,0.58155,0.19511
97,green,1451,3632813,0.38837,0.16113,0.43648,0.18178
97,magenta,1306,519170,0.32506,0.12611,0.25436,0.17378
97,orange,1888,13901834,0.44916,0.17921,0.7334,0.1159
97,pink,1657,1063449,0.36329,0.14805,0.32125,0.20958
97,purple,1603,910582,0.33758,0.13307,0.25484,0.16888
97,red,1929,7484380,0.46495,0.19087,0.4374,0.22241
97,white,1764,9431136,0.04473,0.05394,0.95671,0.0519
97,yellow,1806,6221937,0.43773,0.18501,0.56697,0.22172
